"negbin_alpha","zinb_alpha"
0.876682223446653,0.687548190381697
